chief_id,code,extraction_date,hall,power,rank
79**7597,ptb_magnumofspades,2026-04-15T15:10:49.233748+00:00,20,4706712,
80**0388,ptb_magnumofspades,2026-04-15T15:10:49.233748+00:00,19,3522011,
80**4764,ptb_magnumofspades,2026-04-15T15:10:49.233748+00:00,18,2449941,
80**2115,ptb_magnumofspades,2026-04-15T15:10:49.233748+00:00,17,2195178,4
80**7789,ptb_magnumofspades,2026-04-15T15:10:49.233748+00:00,17,2023638,5
80**7795,ptb_magnumofspades,2026-04-15T15:10:49.233748+00:00,16,1476012,6
80**0875,ptb_magnumofspades,2026-04-15T15:10:49.233748+00:00,16,1448073,7
80**0842,ptb_magnumofspades,2026-04-15T15:10:49.233748+00:00,17,1438195,8
80**8546,ptb_magnumofspades,2026-04-15T15:10:49.233748+00:00,15,1402283,9
80**7949,ptb_magnumofspades,2026-04-15T15:10:49.233748+00:00,16,1391831,10
80**3417,ptb_magnumofspades,2026-04-15T15:10:49.233748+00:00,16,1285948,11
80**8121,ptb_magnumofspades,2026-04-15T15:10:49.233748+00:00,15,1231718,12
80**9224,ptb_magnumofspades,2026-04-15T15:10:49.233748+00:00,16,1217780,13
80**2980,ptb_magnumofspades,2026-04-15T15:10:49.233748+00:00,15,1132373,14
80**0723,ptb_magnumofspades,2026-04-15T15:10:49.233748+00:00,16,1039732,15
80**8736,ptb_magnumofspades,2026-04-15T15:10:49.233748+00:00,14,910344,16
80**9729,ptb_magnumofspades,2026-04-15T15:10:49.233748+00:00,16,900924,17
80**2416,ptb_magnumofspades,2026-04-15T15:10:49.233748+00:00,16,777978,18
80**8473,ptb_magnumofspades,2026-04-15T15:10:49.233748+00:00,15,618930,19
80**9656,ptb_magnumofspades,2026-04-15T15:10:49.233748+00:00,14,613224,20
79**7597,ptb_magnumofspades,2026-04-15T15:33:43.153511+00:00,20,4706712,
80**0388,ptb_magnumofspades,2026-04-15T15:33:43.153511+00:00,19,3522011,
80**4764,ptb_magnumofspades,2026-04-15T15:33:43.153511+00:00,18,2452666,
80**2115,ptb_magnumofspades,2026-04-15T15:33:43.153511+00:00,17,2195178,4
80**7789,ptb_magnumofspades,2026-04-15T15:33:43.153511+00:00,17,2023493,5
80**7795,ptb_magnumofspades,2026-04-15T15:33:43.153511+00:00,16,1474952,6
80**0875,ptb_magnumofspades,2026-04-15T15:33:43.153511+00:00,16,1448073,7
80**0842,ptb_magnumofspades,2026-04-15T15:33:43.153511+00:00,17,1438195,8
80**8546,ptb_magnumofspades,2026-04-15T15:33:43.153511+00:00,15,1402283,9
80**7949,ptb_magnumofspades,2026-04-15T15:33:43.153511+00:00,16,1391831,10
80**3417,ptb_magnumofspades,2026-04-15T15:33:43.153511+00:00,16,1285948,11
80**9224,ptb_magnumofspades,2026-04-15T15:33:43.153511+00:00,16,1238358,12
80**8121,ptb_magnumofspades,2026-04-15T15:33:43.153511+00:00,15,1231718,13
80**2980,ptb_magnumofspades,2026-04-15T15:33:43.153511+00:00,15,1132373,14
80**0723,ptb_magnumofspades,2026-04-15T15:33:43.153511+00:00,16,1039732,15
80**8736,ptb_magnumofspades,2026-04-15T15:33:43.153511+00:00,14,946325,16
80**9729,ptb_magnumofspades,2026-04-15T15:33:43.153511+00:00,16,900924,17
80**2416,ptb_magnumofspades,2026-04-15T15:33:43.153511+00:00,16,793622,18
80**8473,ptb_magnumofspades,2026-04-15T15:33:43.153511+00:00,15,618930,19
80**9656,ptb_magnumofspades,2026-04-15T15:33:43.153511+00:00,14,613224,20
79**7597,ptb_magnumofspades,2026-04-15T15:39:01.743988+00:00,20,4706712,
80**0388,ptb_magnumofspades,2026-04-15T15:39:01.743988+00:00,19,3522011,
80**4764,ptb_magnumofspades,2026-04-15T15:39:01.743988+00:00,18,2452666,
80**2115,ptb_magnumofspades,2026-04-15T15:39:01.743988+00:00,17,2195178,4
80**7789,ptb_magnumofspades,2026-04-15T15:39:01.743988+00:00,17,2023493,5
80**7795,ptb_magnumofspades,2026-04-15T15:39:01.743988+00:00,16,1474952,6
80**0875,ptb_magnumofspades,2026-04-15T15:39:01.743988+00:00,16,1448073,7
80**0842,ptb_magnumofspades,2026-04-15T15:39:01.743988+00:00,17,1438195,8
80**8546,ptb_magnumofspades,2026-04-15T15:39:01.743988+00:00,15,1402283,9
80**7949,ptb_magnumofspades,2026-04-15T15:39:01.743988+00:00,16,1391831,10
80**3417,ptb_magnumofspades,2026-04-15T15:39:01.743988+00:00,16,1285948,11
80**9224,ptb_magnumofspades,2026-04-15T15:39:01.743988+00:00,16,1238358,12
80**8121,ptb_magnumofspades,2026-04-15T15:39:01.743988+00:00,15,1231718,13
80**2980,ptb_magnumofspades,2026-04-15T15:39:01.743988+00:00,15,1132373,14
80**0723,ptb_magnumofspades,2026-04-15T15:39:01.743988+00:00,16,1039732,15
80**8736,ptb_magnumofspades,2026-04-15T15:39:01.743988+00:00,14,946325,16
80**9729,ptb_magnumofspades,2026-04-15T15:39:01.743988+00:00,16,900924,17
80**2416,ptb_magnumofspades,2026-04-15T15:39:01.743988+00:00,16,793622,18
80**8473,ptb_magnumofspades,2026-04-15T15:39:01.743988+00:00,15,618930,19
80**9656,ptb_magnumofspades,2026-04-15T15:39:01.743988+00:00,14,613224,20
79**7597,ptb_magnumofspades,2026-04-15T15:40:39.930546+00:00,20,4706712,
80**0388,ptb_magnumofspades,2026-04-15T15:40:39.930546+00:00,19,3522011,
80**4764,ptb_magnumofspades,2026-04-15T15:40:39.930546+00:00,18,2452666,
80**2115,ptb_magnumofspades,2026-04-15T15:40:39.930546+00:00,17,2195178,4
80**7789,ptb_magnumofspades,2026-04-15T15:40:39.930546+00:00,17,2023493,5
80**7795,ptb_magnumofspades,2026-04-15T15:40:39.930546+00:00,16,1474952,6
80**0875,ptb_magnumofspades,2026-04-15T15:40:39.930546+00:00,16,1448073,7
80**0842,ptb_magnumofspades,2026-04-15T15:40:39.930546+00:00,17,1438195,8
80**8546,ptb_magnumofspades,2026-04-15T15:40:39.930546+00:00,15,1402283,9
80**7949,ptb_magnumofspades,2026-04-15T15:40:39.930546+00:00,16,1391831,10
80**3417,ptb_magnumofspades,2026-04-15T15:40:39.930546+00:00,16,1285948,11
80**9224,ptb_magnumofspades,2026-04-15T15:40:39.930546+00:00,16,1238358,12
80**8121,ptb_magnumofspades,2026-04-15T15:40:39.930546+00:00,15,1231718,13
80**2980,ptb_magnumofspades,2026-04-15T15:40:39.930546+00:00,15,1132373,14
80**0723,ptb_magnumofspades,2026-04-15T15:40:39.930546+00:00,16,1039732,15
80**8736,ptb_magnumofspades,2026-04-15T15:40:39.930546+00:00,14,946325,16
80**9729,ptb_magnumofspades,2026-04-15T15:40:39.930546+00:00,16,900924,17
80**2416,ptb_magnumofspades,2026-04-15T15:40:39.930546+00:00,16,793622,18
80**8473,ptb_magnumofspades,2026-04-15T15:40:39.930546+00:00,15,618930,19
80**9656,ptb_magnumofspades,2026-04-15T15:40:39.930546+00:00,14,613224,20
79**7597,ptb_magnumofspades,2026-04-15T15:42:50.968301+00:00,20,4706712,
80**0388,ptb_magnumofspades,2026-04-15T15:42:50.968301+00:00,19,3522011,
80**4764,ptb_magnumofspades,2026-04-15T15:42:50.968301+00:00,18,2452666,
80**2115,ptb_magnumofspades,2026-04-15T15:42:50.968301+00:00,17,2195178,4
80**7789,ptb_magnumofspades,2026-04-15T15:42:50.968301+00:00,17,2025580,5
80**7795,ptb_magnumofspades,2026-04-15T15:42:50.968301+00:00,16,1474952,6
80**0875,ptb_magnumofspades,2026-04-15T15:42:50.968301+00:00,16,1448073,7
80**0842,ptb_magnumofspades,2026-04-15T15:42:50.968301+00:00,17,1438195,8
80**8546,ptb_magnumofspades,2026-04-15T15:42:50.968301+00:00,15,1410855,9
80**7949,ptb_magnumofspades,2026-04-15T15:42:50.968301+00:00,16,1391831,10
80**3417,ptb_magnumofspades,2026-04-15T15:42:50.968301+00:00,16,1285948,11
80**9224,ptb_magnumofspades,2026-04-15T15:42:50.968301+00:00,16,1238358,12
80**8121,ptb_magnumofspades,2026-04-15T15:42:50.968301+00:00,15,1231718,13
80**2980,ptb_magnumofspades,2026-04-15T15:42:50.968301+00:00,15,1132373,14
80**0723,ptb_magnumofspades,2026-04-15T15:42:50.968301+00:00,16,1039732,15
80**8736,ptb_magnumofspades,2026-04-15T15:42:50.968301+00:00,14,946325,16
80**9729,ptb_magnumofspades,2026-04-15T15:42:50.968301+00:00,16,900924,17
80**2416,ptb_magnumofspades,2026-04-15T15:42:50.968301+00:00,16,793352,18
80**8473,ptb_magnumofspades,2026-04-15T15:42:50.968301+00:00,15,618930,19
80**9656,ptb_magnumofspades,2026-04-15T15:42:50.968301+00:00,14,613224,20
79**7597,ptb_magnumofspades,2026-04-15T16:42:55.419598+00:00,20,4706712,
80**0388,ptb_magnumofspades,2026-04-15T16:42:55.419598+00:00,19,3522011,
80**4764,ptb_magnumofspades,2026-04-15T16:42:55.419598+00:00,18,2505770,
80**2115,ptb_magnumofspades,2026-04-15T16:42:55.419598+00:00,17,2195178,4
80**7789,ptb_magnumofspades,2026-04-15T16:42:55.419598+00:00,17,2035938,5
80**7795,ptb_magnumofspades,2026-04-15T16:42:55.419598+00:00,16,1474952,6
80**0875,ptb_magnumofspades,2026-04-15T16:42:55.419598+00:00,16,1448073,7
80**0842,ptb_magnumofspades,2026-04-15T16:42:55.419598+00:00,17,1438195,8
80**8546,ptb_magnumofspades,2026-04-15T16:42:55.419598+00:00,15,1410855,9
80**7949,ptb_magnumofspades,2026-04-15T16:42:55.419598+00:00,16,1391831,10
80**3417,ptb_magnumofspades,2026-04-15T16:42:55.419598+00:00,16,1285948,11
80**9224,ptb_magnumofspades,2026-04-15T16:42:55.419598+00:00,16,1238358,12
80**8121,ptb_magnumofspades,2026-04-15T16:42:55.419598+00:00,15,1231718,13
80**2980,ptb_magnumofspades,2026-04-15T16:42:55.419598+00:00,15,1132373,14
80**0723,ptb_magnumofspades,2026-04-15T16:42:55.419598+00:00,16,1039732,15
80**8736,ptb_magnumofspades,2026-04-15T16:42:55.419598+00:00,14,946771,16
80**9729,ptb_magnumofspades,2026-04-15T16:42:55.419598+00:00,16,937766,17
80**2416,ptb_magnumofspades,2026-04-15T16:42:55.419598+00:00,16,800063,18
80**8473,ptb_magnumofspades,2026-04-15T16:42:55.419598+00:00,15,618930,19
80**9656,ptb_magnumofspades,2026-04-15T16:42:55.419598+00:00,14,613224,20
79**7597,ptb_magnumofspades,2026-04-15T16:43:44.604079+00:00,20,4706712,
80**0388,ptb_magnumofspades,2026-04-15T16:43:44.604079+00:00,19,3522011,
80**4764,ptb_magnumofspades,2026-04-15T16:43:44.604079+00:00,18,2505770,
80**2115,ptb_magnumofspades,2026-04-15T16:43:44.604079+00:00,17,2195178,4
80**7789,ptb_magnumofspades,2026-04-15T16:43:44.604079+00:00,17,2035938,5
80**7795,ptb_magnumofspades,2026-04-15T16:43:44.604079+00:00,16,1474952,6
80**0875,ptb_magnumofspades,2026-04-15T16:43:44.604079+00:00,16,1448073,7
80**0842,ptb_magnumofspades,2026-04-15T16:43:44.604079+00:00,17,1438195,8
80**8546,ptb_magnumofspades,2026-04-15T16:43:44.604079+00:00,15,1410855,9
80**7949,ptb_magnumofspades,2026-04-15T16:43:44.604079+00:00,16,1391831,10
80**3417,ptb_magnumofspades,2026-04-15T16:43:44.604079+00:00,16,1285948,11
80**9224,ptb_magnumofspades,2026-04-15T16:43:44.604079+00:00,16,1238358,12
80**8121,ptb_magnumofspades,2026-04-15T16:43:44.604079+00:00,15,1231718,13
80**2980,ptb_magnumofspades,2026-04-15T16:43:44.604079+00:00,15,1132373,14
80**0723,ptb_magnumofspades,2026-04-15T16:43:44.604079+00:00,16,1039732,15
80**8736,ptb_magnumofspades,2026-04-15T16:43:44.604079+00:00,14,946771,16
80**9729,ptb_magnumofspades,2026-04-15T16:43:44.604079+00:00,16,937766,17
80**2416,ptb_magnumofspades,2026-04-15T16:43:44.604079+00:00,16,800063,18
80**8473,ptb_magnumofspades,2026-04-15T16:43:44.604079+00:00,15,618930,19
80**9656,ptb_magnumofspades,2026-04-15T16:43:44.604079+00:00,14,613224,20
79**7597,ptb_magnumofspades,2026-04-15T16:45:02.801200+00:00,20,4706712,
80**0388,ptb_magnumofspades,2026-04-15T16:45:02.801200+00:00,19,3522011,
80**4764,ptb_magnumofspades,2026-04-15T16:45:02.801200+00:00,18,2505770,
80**2115,ptb_magnumofspades,2026-04-15T16:45:02.801200+00:00,17,2195178,4
80**7789,ptb_magnumofspades,2026-04-15T16:45:02.801200+00:00,17,2035938,5
80**7795,ptb_magnumofspades,2026-04-15T16:45:02.801200+00:00,16,1474952,6
80**0875,ptb_magnumofspades,2026-04-15T16:45:02.801200+00:00,16,1448073,7
80**0842,ptb_magnumofspades,2026-04-15T16:45:02.801200+00:00,17,1438195,8
80**8546,ptb_magnumofspades,2026-04-15T16:45:02.801200+00:00,15,1410855,9
80**7949,ptb_magnumofspades,2026-04-15T16:45:02.801200+00:00,16,1391831,10
80**3417,ptb_magnumofspades,2026-04-15T16:45:02.801200+00:00,16,1285948,11
80**9224,ptb_magnumofspades,2026-04-15T16:45:02.801200+00:00,16,1238358,12
80**8121,ptb_magnumofspades,2026-04-15T16:45:02.801200+00:00,15,1231718,13
80**2980,ptb_magnumofspades,2026-04-15T16:45:02.801200+00:00,15,1132373,14
80**0723,ptb_magnumofspades,2026-04-15T16:45:02.801200+00:00,16,1039732,15
80**8736,ptb_magnumofspades,2026-04-15T16:45:02.801200+00:00,14,946771,16
80**9729,ptb_magnumofspades,2026-04-15T16:45:02.801200+00:00,16,937766,17
80**2416,ptb_magnumofspades,2026-04-15T16:45:02.801200+00:00,16,800063,18
80**8473,ptb_magnumofspades,2026-04-15T16:45:02.801200+00:00,15,618930,19
80**9656,ptb_magnumofspades,2026-04-15T16:45:02.801200+00:00,14,613224,20
79**7597,ptb_magnumofspades,2026-04-15T16:45:25.477468+00:00,20,4706712,
80**0388,ptb_magnumofspades,2026-04-15T16:45:25.477468+00:00,19,3522011,
80**4764,ptb_magnumofspades,2026-04-15T16:45:25.477468+00:00,18,2505770,
80**2115,ptb_magnumofspades,2026-04-15T16:45:25.477468+00:00,17,2195178,4
80**7789,ptb_magnumofspades,2026-04-15T16:45:25.477468+00:00,17,2035938,5
80**7795,ptb_magnumofspades,2026-04-15T16:45:25.477468+00:00,16,1474952,6
80**0875,ptb_magnumofspades,2026-04-15T16:45:25.477468+00:00,16,1448073,7
80**0842,ptb_magnumofspades,2026-04-15T16:45:25.477468+00:00,17,1438195,8
80**8546,ptb_magnumofspades,2026-04-15T16:45:25.477468+00:00,15,1410855,9
80**7949,ptb_magnumofspades,2026-04-15T16:45:25.477468+00:00,16,1391831,10
80**3417,ptb_magnumofspades,2026-04-15T16:45:25.477468+00:00,16,1285948,11
80**9224,ptb_magnumofspades,2026-04-15T16:45:25.477468+00:00,16,1238358,12
80**8121,ptb_magnumofspades,2026-04-15T16:45:25.477468+00:00,15,1231718,13
80**2980,ptb_magnumofspades,2026-04-15T16:45:25.477468+00:00,15,1132373,14
80**0723,ptb_magnumofspades,2026-04-15T16:45:25.477468+00:00,16,1039732,15
80**8736,ptb_magnumofspades,2026-04-15T16:45:25.477468+00:00,14,946771,16
80**9729,ptb_magnumofspades,2026-04-15T16:45:25.477468+00:00,16,937766,17
80**2416,ptb_magnumofspades,2026-04-15T16:45:25.477468+00:00,16,800063,18
80**8473,ptb_magnumofspades,2026-04-15T16:45:25.477468+00:00,15,618930,19
80**9656,ptb_magnumofspades,2026-04-15T16:45:25.477468+00:00,14,613224,20
79**7597,ptb_magnumofspades,2026-04-15T16:47:43.059191+00:00,20,4706712,
80**0388,ptb_magnumofspades,2026-04-15T16:47:43.059191+00:00,19,3522011,
80**4764,ptb_magnumofspades,2026-04-15T16:47:43.059191+00:00,18,2505770,
80**2115,ptb_magnumofspades,2026-04-15T16:47:43.059191+00:00,17,2195178,4
80**7789,ptb_magnumofspades,2026-04-15T16:47:43.059191+00:00,17,2035938,5
80**7795,ptb_magnumofspades,2026-04-15T16:47:43.059191+00:00,16,1474952,6
80**0875,ptb_magnumofspades,2026-04-15T16:47:43.059191+00:00,16,1448073,7
80**0842,ptb_magnumofspades,2026-04-15T16:47:43.059191+00:00,17,1438195,8
80**8546,ptb_magnumofspades,2026-04-15T16:47:43.059191+00:00,15,1410855,9
80**7949,ptb_magnumofspades,2026-04-15T16:47:43.059191+00:00,16,1391831,10
80**3417,ptb_magnumofspades,2026-04-15T16:47:43.059191+00:00,16,1285948,11
80**9224,ptb_magnumofspades,2026-04-15T16:47:43.059191+00:00,16,1238358,12
80**8121,ptb_magnumofspades,2026-04-15T16:47:43.059191+00:00,15,1231718,13
80**2980,ptb_magnumofspades,2026-04-15T16:47:43.059191+00:00,15,1132373,14
80**0723,ptb_magnumofspades,2026-04-15T16:47:43.059191+00:00,16,1039732,15
80**8736,ptb_magnumofspades,2026-04-15T16:47:43.059191+00:00,14,946771,16
80**9729,ptb_magnumofspades,2026-04-15T16:47:43.059191+00:00,16,937766,17
80**2416,ptb_magnumofspades,2026-04-15T16:47:43.059191+00:00,16,800063,18
80**8473,ptb_magnumofspades,2026-04-15T16:47:43.059191+00:00,15,618930,19
80**9656,ptb_magnumofspades,2026-04-15T16:47:43.059191+00:00,14,613224,20
79**7597,ptb_magnumofspades,2026-04-15T16:48:36.302843+00:00,20,4706712,
80**0388,ptb_magnumofspades,2026-04-15T16:48:36.302843+00:00,19,3522011,
80**4764,ptb_magnumofspades,2026-04-15T16:48:36.302843+00:00,18,2505770,
80**2115,ptb_magnumofspades,2026-04-15T16:48:36.302843+00:00,17,2195178,4
80**7789,ptb_magnumofspades,2026-04-15T16:48:36.302843+00:00,17,2035938,5
80**7795,ptb_magnumofspades,2026-04-15T16:48:36.302843+00:00,16,1474952,6
80**0875,ptb_magnumofspades,2026-04-15T16:48:36.302843+00:00,16,1448073,7
80**0842,ptb_magnumofspades,2026-04-15T16:48:36.302843+00:00,17,1438195,8
80**8546,ptb_magnumofspades,2026-04-15T16:48:36.302843+00:00,15,1410855,9
80**7949,ptb_magnumofspades,2026-04-15T16:48:36.302843+00:00,16,1391831,10
80**3417,ptb_magnumofspades,2026-04-15T16:48:36.302843+00:00,16,1285948,11
80**9224,ptb_magnumofspades,2026-04-15T16:48:36.302843+00:00,16,1238358,12
80**8121,ptb_magnumofspades,2026-04-15T16:48:36.302843+00:00,15,1231718,13
80**2980,ptb_magnumofspades,2026-04-15T16:48:36.302843+00:00,15,1132373,14
80**0723,ptb_magnumofspades,2026-04-15T16:48:36.302843+00:00,16,1039732,15
80**8736,ptb_magnumofspades,2026-04-15T16:48:36.302843+00:00,14,946771,16
80**9729,ptb_magnumofspades,2026-04-15T16:48:36.302843+00:00,16,937766,17
80**2416,ptb_magnumofspades,2026-04-15T16:48:36.302843+00:00,16,800063,18
80**8473,ptb_magnumofspades,2026-04-15T16:48:36.302843+00:00,15,618930,19
80**9656,ptb_magnumofspades,2026-04-15T16:48:36.302843+00:00,14,613224,20
79**7597,ptb_magnumofspades,2026-04-15T16:57:18.441679+00:00,20,4706712,
80**0388,ptb_magnumofspades,2026-04-15T16:57:18.441679+00:00,19,3522011,
80**4764,ptb_magnumofspades,2026-04-15T16:57:18.441679+00:00,18,2505770,
80**2115,ptb_magnumofspades,2026-04-15T16:57:18.441679+00:00,17,2195178,4
80**7789,ptb_magnumofspades,2026-04-15T16:57:18.441679+00:00,17,2063761,5
80**7795,ptb_magnumofspades,2026-04-15T16:57:18.441679+00:00,16,1474952,6
80**0875,ptb_magnumofspades,2026-04-15T16:57:18.441679+00:00,16,1448073,7
80**0842,ptb_magnumofspades,2026-04-15T16:57:18.441679+00:00,17,1438195,8
80**8546,ptb_magnumofspades,2026-04-15T16:57:18.441679+00:00,15,1410855,9
80**7949,ptb_magnumofspades,2026-04-15T16:57:18.441679+00:00,16,1391831,10
80**3417,ptb_magnumofspades,2026-04-15T16:57:18.441679+00:00,16,1285948,11
80**8121,ptb_magnumofspades,2026-04-15T16:57:18.441679+00:00,15,1249770,12
80**9224,ptb_magnumofspades,2026-04-15T16:57:18.441679+00:00,16,1238358,13
80**2980,ptb_magnumofspades,2026-04-15T16:57:18.441679+00:00,15,1132373,14
80**0723,ptb_magnumofspades,2026-04-15T16:57:18.441679+00:00,16,1039732,15
80**8736,ptb_magnumofspades,2026-04-15T16:57:18.441679+00:00,14,946771,16
80**9729,ptb_magnumofspades,2026-04-15T16:57:18.441679+00:00,16,937766,17
80**2416,ptb_magnumofspades,2026-04-15T16:57:18.441679+00:00,16,800063,18
80**8473,ptb_magnumofspades,2026-04-15T16:57:18.441679+00:00,15,618930,19
80**9656,ptb_magnumofspades,2026-04-15T16:57:18.441679+00:00,14,613224,20
79**7597,ptb_magnumofspades,2026-04-15T19:33:19.753313+00:00,20,4729873,
80**0388,ptb_magnumofspades,2026-04-15T19:33:19.753313+00:00,19,3569468,
80**4764,ptb_magnumofspades,2026-04-15T19:33:19.753313+00:00,18,2505770,
80**2115,ptb_magnumofspades,2026-04-15T19:33:19.753313+00:00,17,2195178,4
80**7789,ptb_magnumofspades,2026-04-15T19:33:19.753313+00:00,17,2063761,5
80**7795,ptb_magnumofspades,2026-04-15T19:33:19.753313+00:00,16,1525795,6
80**0875,ptb_magnumofspades,2026-04-15T19:33:19.753313+00:00,16,1448073,7
80**0842,ptb_magnumofspades,2026-04-15T19:33:19.753313+00:00,17,1438195,8
80**8546,ptb_magnumofspades,2026-04-15T19:33:19.753313+00:00,15,1410855,9
80**7949,ptb_magnumofspades,2026-04-15T19:33:19.753313+00:00,16,1401072,10
80**3417,ptb_magnumofspades,2026-04-15T19:33:19.753313+00:00,16,1340326,11
80**8121,ptb_magnumofspades,2026-04-15T19:33:19.753313+00:00,15,1265950,12
80**9224,ptb_magnumofspades,2026-04-15T19:33:19.753313+00:00,16,1238358,13
80**2980,ptb_magnumofspades,2026-04-15T19:33:19.753313+00:00,15,1132373,14
80**0723,ptb_magnumofspades,2026-04-15T19:33:19.753313+00:00,16,1039732,15
80**8736,ptb_magnumofspades,2026-04-15T19:33:19.753313+00:00,14,961062,16
80**9729,ptb_magnumofspades,2026-04-15T19:33:19.753313+00:00,16,937766,17
80**2416,ptb_magnumofspades,2026-04-15T19:33:19.753313+00:00,16,800063,18
80**8473,ptb_magnumofspades,2026-04-15T19:33:19.753313+00:00,15,618930,19
80**9656,ptb_magnumofspades,2026-04-15T19:33:19.753313+00:00,14,613224,20
79**7597,ptb_magnumofspades,2026-04-15T19:53:46.955474+00:00,20,4729873,
80**0388,ptb_magnumofspades,2026-04-15T19:53:46.955474+00:00,19,3575651,
80**4764,ptb_magnumofspades,2026-04-15T19:53:46.955474+00:00,18,2505770,
80**2115,ptb_magnumofspades,2026-04-15T19:53:46.955474+00:00,17,2195178,4
80**7789,ptb_magnumofspades,2026-04-15T19:53:46.955474+00:00,17,2063761,5
80**7795,ptb_magnumofspades,2026-04-15T19:53:46.955474+00:00,16,1525795,6
80**0875,ptb_magnumofspades,2026-04-15T19:53:46.955474+00:00,16,1448073,7
80**0842,ptb_magnumofspades,2026-04-15T19:53:46.955474+00:00,17,1438195,8
80**8546,ptb_magnumofspades,2026-04-15T19:53:46.955474+00:00,15,1410855,9
80**7949,ptb_magnumofspades,2026-04-15T19:53:46.955474+00:00,16,1401072,10
80**3417,ptb_magnumofspades,2026-04-15T19:53:46.955474+00:00,16,1340326,11
80**8121,ptb_magnumofspades,2026-04-15T19:53:46.955474+00:00,15,1265950,12
80**9224,ptb_magnumofspades,2026-04-15T19:53:46.955474+00:00,16,1238358,13
80**2980,ptb_magnumofspades,2026-04-15T19:53:46.955474+00:00,15,1132373,14
80**0723,ptb_magnumofspades,2026-04-15T19:53:46.955474+00:00,16,1039732,15
80**8736,ptb_magnumofspades,2026-04-15T19:53:46.955474+00:00,14,961625,16
80**9729,ptb_magnumofspades,2026-04-15T19:53:46.955474+00:00,16,937766,17
80**2416,ptb_magnumofspades,2026-04-15T19:53:46.955474+00:00,16,800063,18
80**8473,ptb_magnumofspades,2026-04-15T19:53:46.955474+00:00,15,618930,19
80**9656,ptb_magnumofspades,2026-04-15T19:53:46.955474+00:00,14,613224,20
79**7597,ptb_magnumofspades,2026-04-15T19:55:32.902358+00:00,20,4729873,
80**0388,ptb_magnumofspades,2026-04-15T19:55:32.902358+00:00,19,3575651,
80**4764,ptb_magnumofspades,2026-04-15T19:55:32.902358+00:00,18,2505770,
80**2115,ptb_magnumofspades,2026-04-15T19:55:32.902358+00:00,17,2195178,4
80**7789,ptb_magnumofspades,2026-04-15T19:55:32.902358+00:00,17,2063761,5
80**7795,ptb_magnumofspades,2026-04-15T19:55:32.902358+00:00,16,1525795,6
80**0875,ptb_magnumofspades,2026-04-15T19:55:32.902358+00:00,16,1448073,7
80**0842,ptb_magnumofspades,2026-04-15T19:55:32.902358+00:00,17,1438195,8
80**8546,ptb_magnumofspades,2026-04-15T19:55:32.902358+00:00,15,1410855,9
80**7949,ptb_magnumofspades,2026-04-15T19:55:32.902358+00:00,16,1401072,10
80**3417,ptb_magnumofspades,2026-04-15T19:55:32.902358+00:00,16,1340326,11
80**8121,ptb_magnumofspades,2026-04-15T19:55:32.902358+00:00,15,1265950,12
80**9224,ptb_magnumofspades,2026-04-15T19:55:32.902358+00:00,16,1238358,13
80**2980,ptb_magnumofspades,2026-04-15T19:55:32.902358+00:00,15,1132373,14
80**0723,ptb_magnumofspades,2026-04-15T19:55:32.902358+00:00,16,1039732,15
80**8736,ptb_magnumofspades,2026-04-15T19:55:32.902358+00:00,14,961625,16
80**9729,ptb_magnumofspades,2026-04-15T19:55:32.902358+00:00,16,937766,17
80**2416,ptb_magnumofspades,2026-04-15T19:55:32.902358+00:00,16,800063,18
80**8473,ptb_magnumofspades,2026-04-15T19:55:32.902358+00:00,15,618930,19
80**9656,ptb_magnumofspades,2026-04-15T19:55:32.902358+00:00,14,613224,20
79**7597,ptb_magnumofspades,2026-04-15T19:57:35.349772+00:00,20,4729873,
80**0388,ptb_magnumofspades,2026-04-15T19:57:35.349772+00:00,19,3575573,
80**4764,ptb_magnumofspades,2026-04-15T19:57:35.349772+00:00,18,2505770,
80**2115,ptb_magnumofspades,2026-04-15T19:57:35.349772+00:00,17,2195178,4
80**7789,ptb_magnumofspades,2026-04-15T19:57:35.349772+00:00,17,2075200,5
80**7795,ptb_magnumofspades,2026-04-15T19:57:35.349772+00:00,16,1525795,6
80**0875,ptb_magnumofspades,2026-04-15T19:57:35.349772+00:00,16,1448073,7
80**0842,ptb_magnumofspades,2026-04-15T19:57:35.349772+00:00,17,1438195,8
80**8546,ptb_magnumofspades,2026-04-15T19:57:35.349772+00:00,15,1410855,9
80**7949,ptb_magnumofspades,2026-04-15T19:57:35.349772+00:00,16,1401072,10
80**3417,ptb_magnumofspades,2026-04-15T19:57:35.349772+00:00,16,1340326,11
80**8121,ptb_magnumofspades,2026-04-15T19:57:35.349772+00:00,15,1265950,12
80**9224,ptb_magnumofspades,2026-04-15T19:57:35.349772+00:00,16,1238358,13
80**2980,ptb_magnumofspades,2026-04-15T19:57:35.349772+00:00,15,1132373,14
80**0723,ptb_magnumofspades,2026-04-15T19:57:35.349772+00:00,16,1039732,15
80**8736,ptb_magnumofspades,2026-04-15T19:57:35.349772+00:00,14,961625,16
80**9729,ptb_magnumofspades,2026-04-15T19:57:35.349772+00:00,16,937766,17
80**2416,ptb_magnumofspades,2026-04-15T19:57:35.349772+00:00,16,800063,18
80**8473,ptb_magnumofspades,2026-04-15T19:57:35.349772+00:00,15,618930,19
80**9656,ptb_magnumofspades,2026-04-15T19:57:35.349772+00:00,14,613224,20
79**7597,ptb_magnumofspades,2026-04-15T20:31:34.980290+00:00,20,4729873,
80**0388,ptb_magnumofspades,2026-04-15T20:31:34.980290+00:00,19,3579911,
80**4764,ptb_magnumofspades,2026-04-15T20:31:34.980290+00:00,18,2505770,
80**2115,ptb_magnumofspades,2026-04-15T20:31:34.980290+00:00,17,2195178,4
80**7789,ptb_magnumofspades,2026-04-15T20:31:34.980290+00:00,17,2074048,5
80**7795,ptb_magnumofspades,2026-04-15T20:31:34.980290+00:00,16,1525795,6
80**0842,ptb_magnumofspades,2026-04-15T20:31:34.980290+00:00,17,1488420,7
80**0875,ptb_magnumofspades,2026-04-15T20:31:34.980290+00:00,16,1448073,8
80**8546,ptb_magnumofspades,2026-04-15T20:31:34.980290+00:00,15,1410855,9
80**7949,ptb_magnumofspades,2026-04-15T20:31:34.980290+00:00,16,1401072,10
80**3417,ptb_magnumofspades,2026-04-15T20:31:34.980290+00:00,16,1340326,11
80**8121,ptb_magnumofspades,2026-04-15T20:31:34.980290+00:00,15,1265950,12
80**9224,ptb_magnumofspades,2026-04-15T20:31:34.980290+00:00,16,1238358,13
80**2980,ptb_magnumofspades,2026-04-15T20:31:34.980290+00:00,15,1132373,14
80**0723,ptb_magnumofspades,2026-04-15T20:31:34.980290+00:00,16,1039732,15
80**8736,ptb_magnumofspades,2026-04-15T20:31:34.980290+00:00,14,961887,16
80**9729,ptb_magnumofspades,2026-04-15T20:31:34.980290+00:00,16,943262,17
80**2416,ptb_magnumofspades,2026-04-15T20:31:34.980290+00:00,16,800063,18
80**8473,ptb_magnumofspades,2026-04-15T20:31:34.980290+00:00,15,618930,19
80**9656,ptb_magnumofspades,2026-04-15T20:31:34.980290+00:00,14,613224,20
79**7597,ptb_magnumofspades,2026-04-15T20:35:54.840469+00:00,20,4729873,
80**0388,ptb_magnumofspades,2026-04-15T20:35:54.840469+00:00,19,3579911,
80**4764,ptb_magnumofspades,2026-04-15T20:35:54.840469+00:00,18,2505770,
80**2115,ptb_magnumofspades,2026-04-15T20:35:54.840469+00:00,17,2195178,4
80**7789,ptb_magnumofspades,2026-04-15T20:35:54.840469+00:00,17,2074048,5
80**7795,ptb_magnumofspades,2026-04-15T20:35:54.840469+00:00,16,1525795,6
80**0842,ptb_magnumofspades,2026-04-15T20:35:54.840469+00:00,17,1488420,7
80**0875,ptb_magnumofspades,2026-04-15T20:35:54.840469+00:00,16,1448073,8
80**8546,ptb_magnumofspades,2026-04-15T20:35:54.840469+00:00,15,1410855,9
80**7949,ptb_magnumofspades,2026-04-15T20:35:54.840469+00:00,16,1401072,10
80**3417,ptb_magnumofspades,2026-04-15T20:35:54.840469+00:00,16,1340326,11
80**8121,ptb_magnumofspades,2026-04-15T20:35:54.840469+00:00,15,1265950,12
80**9224,ptb_magnumofspades,2026-04-15T20:35:54.840469+00:00,16,1238358,13
80**2980,ptb_magnumofspades,2026-04-15T20:35:54.840469+00:00,15,1132373,14
80**0723,ptb_magnumofspades,2026-04-15T20:35:54.840469+00:00,16,1039732,15
80**8736,ptb_magnumofspades,2026-04-15T20:35:54.840469+00:00,14,962724,16
80**9729,ptb_magnumofspades,2026-04-15T20:35:54.840469+00:00,16,943262,17
80**2416,ptb_magnumofspades,2026-04-15T20:35:54.840469+00:00,16,800063,18
80**8473,ptb_magnumofspades,2026-04-15T20:35:54.840469+00:00,15,618930,19
80**9656,ptb_magnumofspades,2026-04-15T20:35:54.840469+00:00,14,613224,20
79**7597,ptb_magnumofspades,2026-04-15T20:42:48.958368+00:00,20,4729873,
80**0388,ptb_magnumofspades,2026-04-15T20:42:48.958368+00:00,19,3579911,
80**4764,ptb_magnumofspades,2026-04-15T20:42:48.958368+00:00,18,2505770,
80**2115,ptb_magnumofspades,2026-04-15T20:42:48.958368+00:00,17,2195178,4
80**7789,ptb_magnumofspades,2026-04-15T20:42:48.958368+00:00,17,2098649,5
80**7795,ptb_magnumofspades,2026-04-15T20:42:48.958368+00:00,16,1525795,6
80**0842,ptb_magnumofspades,2026-04-15T20:42:48.958368+00:00,17,1488420,7
80**0875,ptb_magnumofspades,2026-04-15T20:42:48.958368+00:00,16,1448073,8
80**8546,ptb_magnumofspades,2026-04-15T20:42:48.958368+00:00,15,1410855,9
80**7949,ptb_magnumofspades,2026-04-15T20:42:48.958368+00:00,16,1401072,10
80**3417,ptb_magnumofspades,2026-04-15T20:42:48.958368+00:00,16,1340326,11
80**8121,ptb_magnumofspades,2026-04-15T20:42:48.958368+00:00,15,1265950,12
80**9224,ptb_magnumofspades,2026-04-15T20:42:48.958368+00:00,16,1238358,13
80**2980,ptb_magnumofspades,2026-04-15T20:42:48.958368+00:00,15,1132373,14
80**0723,ptb_magnumofspades,2026-04-15T20:42:48.958368+00:00,16,1039732,15
80**8736,ptb_magnumofspades,2026-04-15T20:42:48.958368+00:00,14,962724,16
80**9729,ptb_magnumofspades,2026-04-15T20:42:48.958368+00:00,16,949688,17
80**2416,ptb_magnumofspades,2026-04-15T20:42:48.958368+00:00,16,800063,18
80**8473,ptb_magnumofspades,2026-04-15T20:42:48.958368+00:00,15,618930,19
80**9656,ptb_magnumofspades,2026-04-15T20:42:48.958368+00:00,14,613224,20
79**7597,ptb_magnumofspades,2026-04-15T21:47:45.082281+00:00,20,4729873,
80**0388,ptb_magnumofspades,2026-04-15T21:47:45.082281+00:00,19,3579911,
80**4764,ptb_magnumofspades,2026-04-15T21:47:45.082281+00:00,18,2513288,
80**2115,ptb_magnumofspades,2026-04-15T21:47:45.082281+00:00,17,2195178,4
80**7789,ptb_magnumofspades,2026-04-15T21:47:45.082281+00:00,17,2098649,5
80**7795,ptb_magnumofspades,2026-04-15T21:47:45.082281+00:00,16,1525795,6
80**0842,ptb_magnumofspades,2026-04-15T21:47:45.082281+00:00,17,1487827,7
80**8546,ptb_magnumofspades,2026-04-15T21:47:45.082281+00:00,16,1448751,8
80**0875,ptb_magnumofspades,2026-04-15T21:47:45.082281+00:00,16,1448073,9
80**7949,ptb_magnumofspades,2026-04-15T21:47:45.082281+00:00,16,1403999,10
80**3417,ptb_magnumofspades,2026-04-15T21:47:45.082281+00:00,16,1340326,11
80**8121,ptb_magnumofspades,2026-04-15T21:47:45.082281+00:00,15,1265950,12
80**9224,ptb_magnumofspades,2026-04-15T21:47:45.082281+00:00,16,1260794,13
80**2980,ptb_magnumofspades,2026-04-15T21:47:45.082281+00:00,15,1156978,14
80**0723,ptb_magnumofspades,2026-04-15T21:47:45.082281+00:00,16,1039732,15
80**8736,ptb_magnumofspades,2026-04-15T21:47:45.082281+00:00,14,963284,16
80**9729,ptb_magnumofspades,2026-04-15T21:47:45.082281+00:00,16,949688,17
80**2416,ptb_magnumofspades,2026-04-15T21:47:45.082281+00:00,16,800063,18
80**8473,ptb_magnumofspades,2026-04-15T21:47:45.082281+00:00,15,618930,19
80**9656,ptb_magnumofspades,2026-04-15T21:47:45.082281+00:00,14,613224,20
79**7597,ptb_magnumofspades,2026-04-15T22:38:25.264902+00:00,20,4768679,
80**0388,ptb_magnumofspades,2026-04-15T22:38:25.264902+00:00,19,3594688,
80**4764,ptb_magnumofspades,2026-04-15T22:38:25.264902+00:00,18,2513335,
80**2115,ptb_magnumofspades,2026-04-15T22:38:25.264902+00:00,17,2195178,4
80**7789,ptb_magnumofspades,2026-04-15T22:38:25.264902+00:00,17,2109008,5
80**7795,ptb_magnumofspades,2026-04-15T22:38:25.264902+00:00,16,1525795,6
80**0842,ptb_magnumofspades,2026-04-15T22:38:25.264902+00:00,17,1504332,7
80**8546,ptb_magnumofspades,2026-04-15T22:38:25.264902+00:00,16,1451671,8
80**0875,ptb_magnumofspades,2026-04-15T22:38:25.264902+00:00,16,1448073,9
80**7949,ptb_magnumofspades,2026-04-15T22:38:25.264902+00:00,16,1403999,10
80**3417,ptb_magnumofspades,2026-04-15T22:38:25.264902+00:00,16,1346674,11
80**8121,ptb_magnumofspades,2026-04-15T22:38:25.264902+00:00,15,1265950,12
80**9224,ptb_magnumofspades,2026-04-15T22:38:25.264902+00:00,16,1265472,13
80**2980,ptb_magnumofspades,2026-04-15T22:38:25.264902+00:00,15,1165765,14
80**0723,ptb_magnumofspades,2026-04-15T22:38:25.264902+00:00,16,1039732,15
80**8736,ptb_magnumofspades,2026-04-15T22:38:25.264902+00:00,14,970219,16
80**9729,ptb_magnumofspades,2026-04-15T22:38:25.264902+00:00,16,949688,17
80**2416,ptb_magnumofspades,2026-04-15T22:38:25.264902+00:00,16,800063,18
80**8473,ptb_magnumofspades,2026-04-15T22:38:25.264902+00:00,15,618930,19
80**9656,ptb_magnumofspades,2026-04-15T22:38:25.264902+00:00,14,613224,20
79**7597,ptb_magnumofspades,2026-04-15T23:38:36.480643+00:00,20,4768679,
80**0388,ptb_magnumofspades,2026-04-15T23:38:36.480643+00:00,19,3592176,
80**4764,ptb_magnumofspades,2026-04-15T23:38:36.480643+00:00,18,2517542,
80**2115,ptb_magnumofspades,2026-04-15T23:38:36.480643+00:00,18,2296852,4
80**7789,ptb_magnumofspades,2026-04-15T23:38:36.480643+00:00,17,2109008,5
80**7795,ptb_magnumofspades,2026-04-15T23:38:36.480643+00:00,16,1525795,6
80**0842,ptb_magnumofspades,2026-04-15T23:38:36.480643+00:00,17,1504332,7
80**0875,ptb_magnumofspades,2026-04-15T23:38:36.480643+00:00,16,1462799,8
80**8546,ptb_magnumofspades,2026-04-15T23:38:36.480643+00:00,16,1453980,9
80**7949,ptb_magnumofspades,2026-04-15T23:38:36.480643+00:00,16,1403999,10
80**3417,ptb_magnumofspades,2026-04-15T23:38:36.480643+00:00,16,1346811,11
80**8121,ptb_magnumofspades,2026-04-15T23:38:36.480643+00:00,15,1265950,12
80**9224,ptb_magnumofspades,2026-04-15T23:38:36.480643+00:00,16,1265472,13
80**2980,ptb_magnumofspades,2026-04-15T23:38:36.480643+00:00,15,1165765,14
80**0723,ptb_magnumofspades,2026-04-15T23:38:36.480643+00:00,16,1039732,15
80**8736,ptb_magnumofspades,2026-04-15T23:38:36.480643+00:00,14,969596,16
80**9729,ptb_magnumofspades,2026-04-15T23:38:36.480643+00:00,16,949688,17
80**2416,ptb_magnumofspades,2026-04-15T23:38:36.480643+00:00,16,800063,18
80**8473,ptb_magnumofspades,2026-04-15T23:38:36.480643+00:00,15,615995,19
80**9656,ptb_magnumofspades,2026-04-15T23:38:36.480643+00:00,14,613224,20
79**7597,ptb_magnumofspades,2026-04-16T00:06:02.243711+00:00,20,4768679,
80**0388,ptb_magnumofspades,2026-04-16T00:06:02.243711+00:00,19,3597969,
80**4764,ptb_magnumofspades,2026-04-16T00:06:02.243711+00:00,18,2517542,
80**2115,ptb_magnumofspades,2026-04-16T00:06:02.243711+00:00,18,2303379,4
80**7789,ptb_magnumofspades,2026-04-16T00:06:02.243711+00:00,17,2109008,5
80**7795,ptb_magnumofspades,2026-04-16T00:06:02.243711+00:00,16,1525795,6
80**0842,ptb_magnumofspades,2026-04-16T00:06:02.243711+00:00,17,1504332,7
80**8546,ptb_magnumofspades,2026-04-16T00:06:02.243711+00:00,16,1480928,8
80**0875,ptb_magnumofspades,2026-04-16T00:06:02.243711+00:00,16,1466828,9
80**7949,ptb_magnumofspades,2026-04-16T00:06:02.243711+00:00,16,1403999,10
80**3417,ptb_magnumofspades,2026-04-16T00:06:02.243711+00:00,16,1352188,11
80**8121,ptb_magnumofspades,2026-04-16T00:06:02.243711+00:00,15,1265950,12
80**9224,ptb_magnumofspades,2026-04-16T00:06:02.243711+00:00,16,1265472,13
80**2980,ptb_magnumofspades,2026-04-16T00:06:02.243711+00:00,15,1165765,14
80**0723,ptb_magnumofspades,2026-04-16T00:06:02.243711+00:00,16,1039732,15
80**8736,ptb_magnumofspades,2026-04-16T00:06:02.243711+00:00,14,971970,16
80**9729,ptb_magnumofspades,2026-04-16T00:06:02.243711+00:00,16,949688,17
80**2416,ptb_magnumofspades,2026-04-16T00:06:02.243711+00:00,16,800063,18
80**8473,ptb_magnumofspades,2026-04-16T00:06:02.243711+00:00,15,615995,19
80**9656,ptb_magnumofspades,2026-04-16T00:06:02.243711+00:00,14,613224,20
79**5265,ptb_cerealforme,2026-04-16T00:06:02.243711+00:00,20,4541078,
79**5768,ptb_cerealforme,2026-04-16T00:06:02.243711+00:00,19,4141644,
79**5751,ptb_cerealforme,2026-04-16T00:06:02.243711+00:00,18,3305735,
80**1661,ptb_cerealforme,2026-04-16T00:06:02.243711+00:00,17,2419958,4
79**5547,ptb_cerealforme,2026-04-16T00:06:02.243711+00:00,17,1858973,5
79**5366,ptb_cerealforme,2026-04-16T00:06:02.243711+00:00,17,1732596,6
79**5774,ptb_cerealforme,2026-04-16T00:06:02.243711+00:00,16,1632687,7
80**1279,ptb_cerealforme,2026-04-16T00:06:02.243711+00:00,16,1605901,8
79**5757,ptb_cerealforme,2026-04-16T00:06:02.243711+00:00,16,1587769,9
80**4551,ptb_cerealforme,2026-04-16T00:06:02.243711+00:00,17,1488385,10
80**7943,ptb_cerealforme,2026-04-16T00:06:02.243711+00:00,16,1174023,11
80**7615,ptb_cerealforme,2026-04-16T00:06:02.243711+00:00,15,1007009,12
80**7703,ptb_cerealforme,2026-04-16T00:06:02.243711+00:00,14,684112,13
80**5956,ptb_cerealforme,2026-04-16T00:06:02.243711+00:00,15,668738,14
79**5756,ptb_cerealforme,2026-04-16T00:06:02.243711+00:00,14,639754,15
79**5770,ptb_cerealforme,2026-04-16T00:06:02.243711+00:00,13,629622,16
79**5769,ptb_cerealforme,2026-04-16T00:06:02.243711+00:00,12,560259,17
80**5667,ptb_cerealforme,2026-04-16T00:06:02.243711+00:00,12,460320,18
80**4870,ptb_cerealforme,2026-04-16T00:06:02.243711+00:00,12,388921,19
80**9273,ptb_cerealforme,2026-04-16T00:06:02.243711+00:00,10,303062,20
80**8303,ptb_lubu,2026-04-16T00:06:02.243711+00:00,19,3013140,
80**2961,ptb_lubu,2026-04-16T00:06:02.243711+00:00,17,2164352,
80**0055,ptb_lubu,2026-04-16T00:06:02.243711+00:00,18,2067670,
79**2718,ptb_lubu,2026-04-16T00:06:02.243711+00:00,18,1854626,4
80**5727,ptb_lubu,2026-04-16T00:06:02.243711+00:00,17,1656101,5
80**3276,ptb_lubu,2026-04-16T00:06:02.243711+00:00,17,1441094,6
80**6330,ptb_lubu,2026-04-16T00:06:02.243711+00:00,16,1405414,7
80**6024,ptb_lubu,2026-04-16T00:06:02.243711+00:00,17,1304076,8
80**9558,ptb_lubu,2026-04-16T00:06:02.243711+00:00,16,1197689,9
80**2898,ptb_lubu,2026-04-16T00:06:02.243711+00:00,16,1184452,10
80**3361,ptb_lubu,2026-04-16T00:06:02.243711+00:00,15,1129908,11
80**1844,ptb_lubu,2026-04-16T00:06:02.243711+00:00,16,1087218,12
80**8458,ptb_lubu,2026-04-16T00:06:02.243711+00:00,15,1038526,13
80**7387,ptb_lubu,2026-04-16T00:06:02.243711+00:00,14,912797,14
80**3311,ptb_lubu,2026-04-16T00:06:02.243711+00:00,15,878481,15
80**8331,ptb_lubu,2026-04-16T00:06:02.243711+00:00,16,858111,16
80**7737,ptb_lubu,2026-04-16T00:06:02.243711+00:00,14,577764,17
80**6807,ptb_lubu,2026-04-16T00:06:02.243711+00:00,11,573187,18
80**0496,ptb_lubu,2026-04-16T00:06:02.243711+00:00,12,496600,19
79**4757,ptb_lubu,2026-04-16T00:06:02.243711+00:00,14,469479,20
79**7597,ptb_magnumofspades,2026-04-16T00:09:58.387956+00:00,20,4768679,
80**0388,ptb_magnumofspades,2026-04-16T00:09:58.387956+00:00,19,3597969,
80**4764,ptb_magnumofspades,2026-04-16T00:09:58.387956+00:00,18,2517542,
80**2115,ptb_magnumofspades,2026-04-16T00:09:58.387956+00:00,18,2303379,4
80**7789,ptb_magnumofspades,2026-04-16T00:09:58.387956+00:00,17,2109008,5
80**7795,ptb_magnumofspades,2026-04-16T00:09:58.387956+00:00,16,1525795,6
80**0842,ptb_magnumofspades,2026-04-16T00:09:58.387956+00:00,17,1504332,7
80**8546,ptb_magnumofspades,2026-04-16T00:09:58.387956+00:00,16,1480928,8
80**0875,ptb_magnumofspades,2026-04-16T00:09:58.387956+00:00,16,1466828,9
80**7949,ptb_magnumofspades,2026-04-16T00:09:58.387956+00:00,16,1403999,10
80**3417,ptb_magnumofspades,2026-04-16T00:09:58.387956+00:00,16,1352188,11
80**8121,ptb_magnumofspades,2026-04-16T00:09:58.387956+00:00,15,1265950,12
80**9224,ptb_magnumofspades,2026-04-16T00:09:58.387956+00:00,16,1265472,13
80**2980,ptb_magnumofspades,2026-04-16T00:09:58.387956+00:00,15,1165765,14
80**0723,ptb_magnumofspades,2026-04-16T00:09:58.387956+00:00,16,1039732,15
80**8736,ptb_magnumofspades,2026-04-16T00:09:58.387956+00:00,14,971970,16
80**9729,ptb_magnumofspades,2026-04-16T00:09:58.387956+00:00,16,949688,17
80**2416,ptb_magnumofspades,2026-04-16T00:09:58.387956+00:00,16,800063,18
80**8473,ptb_magnumofspades,2026-04-16T00:09:58.387956+00:00,15,615995,19
80**9656,ptb_magnumofspades,2026-04-16T00:09:58.387956+00:00,14,613224,20
79**5265,ptb_cerealforme,2026-04-16T00:09:58.387956+00:00,20,4541078,
79**5768,ptb_cerealforme,2026-04-16T00:09:58.387956+00:00,19,4141644,
79**5751,ptb_cerealforme,2026-04-16T00:09:58.387956+00:00,18,3305735,
80**1661,ptb_cerealforme,2026-04-16T00:09:58.387956+00:00,17,2419958,4
79**5547,ptb_cerealforme,2026-04-16T00:09:58.387956+00:00,17,1858973,5
79**5366,ptb_cerealforme,2026-04-16T00:09:58.387956+00:00,17,1732596,6
79**5774,ptb_cerealforme,2026-04-16T00:09:58.387956+00:00,16,1632687,7
80**1279,ptb_cerealforme,2026-04-16T00:09:58.387956+00:00,16,1605901,8
79**5757,ptb_cerealforme,2026-04-16T00:09:58.387956+00:00,16,1587769,9
80**4551,ptb_cerealforme,2026-04-16T00:09:58.387956+00:00,17,1488385,10
80**7943,ptb_cerealforme,2026-04-16T00:09:58.387956+00:00,16,1174023,11
80**7615,ptb_cerealforme,2026-04-16T00:09:58.387956+00:00,15,1007009,12
80**7703,ptb_cerealforme,2026-04-16T00:09:58.387956+00:00,14,684112,13
80**5956,ptb_cerealforme,2026-04-16T00:09:58.387956+00:00,15,668738,14
79**5756,ptb_cerealforme,2026-04-16T00:09:58.387956+00:00,14,639754,15
79**5770,ptb_cerealforme,2026-04-16T00:09:58.387956+00:00,13,629622,16
79**5769,ptb_cerealforme,2026-04-16T00:09:58.387956+00:00,12,560259,17
80**5667,ptb_cerealforme,2026-04-16T00:09:58.387956+00:00,12,460320,18
80**4870,ptb_cerealforme,2026-04-16T00:09:58.387956+00:00,12,388921,19
80**9273,ptb_cerealforme,2026-04-16T00:09:58.387956+00:00,10,303062,20
80**8303,ptb_lubu,2026-04-16T00:09:58.387956+00:00,19,3013140,
80**2961,ptb_lubu,2026-04-16T00:09:58.387956+00:00,17,2164352,
80**0055,ptb_lubu,2026-04-16T00:09:58.387956+00:00,18,2067670,
79**2718,ptb_lubu,2026-04-16T00:09:58.387956+00:00,18,1854626,4
80**5727,ptb_lubu,2026-04-16T00:09:58.387956+00:00,17,1656101,5
80**3276,ptb_lubu,2026-04-16T00:09:58.387956+00:00,17,1441094,6
80**6330,ptb_lubu,2026-04-16T00:09:58.387956+00:00,16,1405414,7
80**6024,ptb_lubu,2026-04-16T00:09:58.387956+00:00,17,1304076,8
80**9558,ptb_lubu,2026-04-16T00:09:58.387956+00:00,16,1197689,9
80**2898,ptb_lubu,2026-04-16T00:09:58.387956+00:00,16,1184452,10
80**3361,ptb_lubu,2026-04-16T00:09:58.387956+00:00,15,1129908,11
80**1844,ptb_lubu,2026-04-16T00:09:58.387956+00:00,16,1087218,12
80**8458,ptb_lubu,2026-04-16T00:09:58.387956+00:00,15,1038526,13
80**7387,ptb_lubu,2026-04-16T00:09:58.387956+00:00,14,912797,14
80**3311,ptb_lubu,2026-04-16T00:09:58.387956+00:00,15,878481,15
80**8331,ptb_lubu,2026-04-16T00:09:58.387956+00:00,16,858111,16
80**7737,ptb_lubu,2026-04-16T00:09:58.387956+00:00,14,577764,17
80**6807,ptb_lubu,2026-04-16T00:09:58.387956+00:00,11,573187,18
80**0496,ptb_lubu,2026-04-16T00:09:58.387956+00:00,12,496600,19
79**4757,ptb_lubu,2026-04-16T00:09:58.387956+00:00,14,469479,20
79**7597,ptb_magnumofspades,2026-04-16T00:13:03.967795+00:00,20,4768679,
80**0388,ptb_magnumofspades,2026-04-16T00:13:03.967795+00:00,19,3597969,
80**4764,ptb_magnumofspades,2026-04-16T00:13:03.967795+00:00,18,2517542,
80**2115,ptb_magnumofspades,2026-04-16T00:13:03.967795+00:00,18,2303379,4
80**7789,ptb_magnumofspades,2026-04-16T00:13:03.967795+00:00,17,2109008,5
80**7795,ptb_magnumofspades,2026-04-16T00:13:03.967795+00:00,16,1525795,6
80**0842,ptb_magnumofspades,2026-04-16T00:13:03.967795+00:00,17,1504332,7
80**8546,ptb_magnumofspades,2026-04-16T00:13:03.967795+00:00,16,1480928,8
80**0875,ptb_magnumofspades,2026-04-16T00:13:03.967795+00:00,16,1466828,9
80**7949,ptb_magnumofspades,2026-04-16T00:13:03.967795+00:00,16,1403999,10
80**3417,ptb_magnumofspades,2026-04-16T00:13:03.967795+00:00,16,1352188,11
80**8121,ptb_magnumofspades,2026-04-16T00:13:03.967795+00:00,15,1265950,12
80**9224,ptb_magnumofspades,2026-04-16T00:13:03.967795+00:00,16,1265472,13
80**2980,ptb_magnumofspades,2026-04-16T00:13:03.967795+00:00,15,1165765,14
80**0723,ptb_magnumofspades,2026-04-16T00:13:03.967795+00:00,16,1039732,15
80**8736,ptb_magnumofspades,2026-04-16T00:13:03.967795+00:00,14,971970,16
80**9729,ptb_magnumofspades,2026-04-16T00:13:03.967795+00:00,16,949688,17
80**2416,ptb_magnumofspades,2026-04-16T00:13:03.967795+00:00,16,800063,18
80**8473,ptb_magnumofspades,2026-04-16T00:13:03.967795+00:00,15,615995,19
80**9656,ptb_magnumofspades,2026-04-16T00:13:03.967795+00:00,14,613224,20
79**5265,ptb_cerealforme,2026-04-16T00:13:03.967795+00:00,20,4541078,
79**5768,ptb_cerealforme,2026-04-16T00:13:03.967795+00:00,19,4141644,
79**5751,ptb_cerealforme,2026-04-16T00:13:03.967795+00:00,18,3305735,
80**1661,ptb_cerealforme,2026-04-16T00:13:03.967795+00:00,17,2419958,4
79**5547,ptb_cerealforme,2026-04-16T00:13:03.967795+00:00,17,1858973,5
79**5366,ptb_cerealforme,2026-04-16T00:13:03.967795+00:00,17,1732596,6
79**5774,ptb_cerealforme,2026-04-16T00:13:03.967795+00:00,16,1632687,7
80**1279,ptb_cerealforme,2026-04-16T00:13:03.967795+00:00,16,1605901,8
79**5757,ptb_cerealforme,2026-04-16T00:13:03.967795+00:00,16,1587769,9
80**4551,ptb_cerealforme,2026-04-16T00:13:03.967795+00:00,17,1488385,10
80**7943,ptb_cerealforme,2026-04-16T00:13:03.967795+00:00,16,1177614,11
80**7615,ptb_cerealforme,2026-04-16T00:13:03.967795+00:00,16,1038895,12
80**7703,ptb_cerealforme,2026-04-16T00:13:03.967795+00:00,14,684112,13
80**5956,ptb_cerealforme,2026-04-16T00:13:03.967795+00:00,15,668738,14
79**5756,ptb_cerealforme,2026-04-16T00:13:03.967795+00:00,14,639754,15
79**5770,ptb_cerealforme,2026-04-16T00:13:03.967795+00:00,13,629622,16
79**5769,ptb_cerealforme,2026-04-16T00:13:03.967795+00:00,12,560259,17
80**5667,ptb_cerealforme,2026-04-16T00:13:03.967795+00:00,12,460320,18
80**4870,ptb_cerealforme,2026-04-16T00:13:03.967795+00:00,12,388921,19
80**9273,ptb_cerealforme,2026-04-16T00:13:03.967795+00:00,10,303062,20
80**8303,ptb_lubu,2026-04-16T00:13:03.967795+00:00,19,3013140,
80**2961,ptb_lubu,2026-04-16T00:13:03.967795+00:00,17,2164352,
80**0055,ptb_lubu,2026-04-16T00:13:03.967795+00:00,18,2067670,
79**2718,ptb_lubu,2026-04-16T00:13:03.967795+00:00,18,1854626,4
80**5727,ptb_lubu,2026-04-16T00:13:03.967795+00:00,17,1656101,5
80**3276,ptb_lubu,2026-04-16T00:13:03.967795+00:00,17,1441094,6
80**6330,ptb_lubu,2026-04-16T00:13:03.967795+00:00,16,1405414,7
80**6024,ptb_lubu,2026-04-16T00:13:03.967795+00:00,17,1304076,8
80**9558,ptb_lubu,2026-04-16T00:13:03.967795+00:00,16,1197689,9
80**2898,ptb_lubu,2026-04-16T00:13:03.967795+00:00,16,1184452,10
80**3361,ptb_lubu,2026-04-16T00:13:03.967795+00:00,15,1129908,11
80**1844,ptb_lubu,2026-04-16T00:13:03.967795+00:00,16,1087218,12
80**8458,ptb_lubu,2026-04-16T00:13:03.967795+00:00,15,1038526,13
80**7387,ptb_lubu,2026-04-16T00:13:03.967795+00:00,14,912797,14
80**3311,ptb_lubu,2026-04-16T00:13:03.967795+00:00,15,878481,15
80**8331,ptb_lubu,2026-04-16T00:13:03.967795+00:00,16,858111,16
80**7737,ptb_lubu,2026-04-16T00:13:03.967795+00:00,14,577764,17
80**6807,ptb_lubu,2026-04-16T00:13:03.967795+00:00,11,573187,18
80**0496,ptb_lubu,2026-04-16T00:13:03.967795+00:00,12,496600,19
79**4757,ptb_lubu,2026-04-16T00:13:03.967795+00:00,14,469479,20
79**7597,ptb_magnumofspades,2026-04-16T01:44:44.402476+00:00,20,4807794,
80**0388,ptb_magnumofspades,2026-04-16T01:44:44.402476+00:00,19,3605350,
80**4764,ptb_magnumofspades,2026-04-16T01:44:44.402476+00:00,18,2519598,
80**2115,ptb_magnumofspades,2026-04-16T01:44:44.402476+00:00,18,2398828,4
80**7789,ptb_magnumofspades,2026-04-16T01:44:44.402476+00:00,17,2150337,5
80**8546,ptb_magnumofspades,2026-04-16T01:44:44.402476+00:00,16,1541299,6
80**7795,ptb_magnumofspades,2026-04-16T01:44:44.402476+00:00,16,1525795,7
80**0842,ptb_magnumofspades,2026-04-16T01:44:44.402476+00:00,17,1511395,8
80**0875,ptb_magnumofspades,2026-04-16T01:44:44.402476+00:00,16,1505076,9
80**7949,ptb_magnumofspades,2026-04-16T01:44:44.402476+00:00,16,1433892,10
80**3417,ptb_magnumofspades,2026-04-16T01:44:44.402476+00:00,16,1354816,11
80**8121,ptb_magnumofspades,2026-04-16T01:44:44.402476+00:00,15,1276601,12
80**9224,ptb_magnumofspades,2026-04-16T01:44:44.402476+00:00,16,1265472,13
80**2980,ptb_magnumofspades,2026-04-16T01:44:44.402476+00:00,15,1170302,14
80**0723,ptb_magnumofspades,2026-04-16T01:44:44.402476+00:00,16,1039732,15
80**8736,ptb_magnumofspades,2026-04-16T01:44:44.402476+00:00,14,989067,16
80**9729,ptb_magnumofspades,2026-04-16T01:44:44.402476+00:00,16,949688,17
80**2416,ptb_magnumofspades,2026-04-16T01:44:44.402476+00:00,16,800063,18
80**9656,ptb_magnumofspades,2026-04-16T01:44:44.402476+00:00,14,653109,19
80**8473,ptb_magnumofspades,2026-04-16T01:44:44.402476+00:00,15,615995,20
79**5265,ptb_cerealforme,2026-04-16T01:44:44.402476+00:00,20,4575532,
79**5768,ptb_cerealforme,2026-04-16T01:44:44.402476+00:00,19,4159987,
79**5751,ptb_cerealforme,2026-04-16T01:44:44.402476+00:00,18,3308997,
80**1661,ptb_cerealforme,2026-04-16T01:44:44.402476+00:00,17,2419958,4
79**5547,ptb_cerealforme,2026-04-16T01:44:44.402476+00:00,17,1884520,5
79**5366,ptb_cerealforme,2026-04-16T01:44:44.402476+00:00,17,1748179,6
79**5774,ptb_cerealforme,2026-04-16T01:44:44.402476+00:00,16,1632687,7
80**1279,ptb_cerealforme,2026-04-16T01:44:44.402476+00:00,16,1611347,8
79**5757,ptb_cerealforme,2026-04-16T01:44:44.402476+00:00,16,1587769,9
80**4551,ptb_cerealforme,2026-04-16T01:44:44.402476+00:00,17,1500426,10
80**7943,ptb_cerealforme,2026-04-16T01:44:44.402476+00:00,16,1178674,11
80**7615,ptb_cerealforme,2026-04-16T01:44:44.402476+00:00,16,1038895,12
80**5956,ptb_cerealforme,2026-04-16T01:44:44.402476+00:00,15,742556,13
80**7703,ptb_cerealforme,2026-04-16T01:44:44.402476+00:00,14,684112,14
79**5756,ptb_cerealforme,2026-04-16T01:44:44.402476+00:00,14,639754,15
79**5770,ptb_cerealforme,2026-04-16T01:44:44.402476+00:00,13,629622,16
79**5769,ptb_cerealforme,2026-04-16T01:44:44.402476+00:00,12,560259,17
80**5667,ptb_cerealforme,2026-04-16T01:44:44.402476+00:00,12,460320,18
80**4870,ptb_cerealforme,2026-04-16T01:44:44.402476+00:00,12,388921,19
80**9273,ptb_cerealforme,2026-04-16T01:44:44.402476+00:00,10,303117,20
80**8303,ptb_lubu,2026-04-16T01:44:44.402476+00:00,19,3013140,
80**2961,ptb_lubu,2026-04-16T01:44:44.402476+00:00,17,2168953,
80**0055,ptb_lubu,2026-04-16T01:44:44.402476+00:00,18,2072920,
79**2718,ptb_lubu,2026-04-16T01:44:44.402476+00:00,18,1854792,4
80**5727,ptb_lubu,2026-04-16T01:44:44.402476+00:00,17,1656101,5
80**3276,ptb_lubu,2026-04-16T01:44:44.402476+00:00,17,1446568,6
80**6330,ptb_lubu,2026-04-16T01:44:44.402476+00:00,16,1423133,7
80**6024,ptb_lubu,2026-04-16T01:44:44.402476+00:00,17,1320842,8
80**9558,ptb_lubu,2026-04-16T01:44:44.402476+00:00,16,1207698,9
80**2898,ptb_lubu,2026-04-16T01:44:44.402476+00:00,16,1184452,10
80**3361,ptb_lubu,2026-04-16T01:44:44.402476+00:00,15,1130008,11
80**1844,ptb_lubu,2026-04-16T01:44:44.402476+00:00,16,1116547,12
80**8458,ptb_lubu,2026-04-16T01:44:44.402476+00:00,15,1038526,13
80**7387,ptb_lubu,2026-04-16T01:44:44.402476+00:00,14,912971,14
80**3311,ptb_lubu,2026-04-16T01:44:44.402476+00:00,15,878481,15
80**8331,ptb_lubu,2026-04-16T01:44:44.402476+00:00,16,858111,16
80**6807,ptb_lubu,2026-04-16T01:44:44.402476+00:00,11,591557,17
80**7737,ptb_lubu,2026-04-16T01:44:44.402476+00:00,14,577764,18
80**0496,ptb_lubu,2026-04-16T01:44:44.402476+00:00,12,529151,19
79**4757,ptb_lubu,2026-04-16T01:44:44.402476+00:00,14,469479,20
79**7597,ptb_magnumofspades,2026-04-16T02:12:12.810796+00:00,20,4811800,
80**0388,ptb_magnumofspades,2026-04-16T02:12:12.810796+00:00,19,3605350,
80**4764,ptb_magnumofspades,2026-04-16T02:12:12.810796+00:00,18,2519598,
80**2115,ptb_magnumofspades,2026-04-16T02:12:12.810796+00:00,18,2397416,4
80**7789,ptb_magnumofspades,2026-04-16T02:12:12.810796+00:00,17,2152776,5
80**8546,ptb_magnumofspades,2026-04-16T02:12:12.810796+00:00,16,1541299,6
80**7795,ptb_magnumofspades,2026-04-16T02:12:12.810796+00:00,16,1525795,7
80**0875,ptb_magnumofspades,2026-04-16T02:12:12.810796+00:00,16,1514980,8
80**0842,ptb_magnumofspades,2026-04-16T02:12:12.810796+00:00,17,1511395,9
80**7949,ptb_magnumofspades,2026-04-16T02:12:12.810796+00:00,16,1436068,10
80**3417,ptb_magnumofspades,2026-04-16T02:12:12.810796+00:00,16,1354816,11
80**8121,ptb_magnumofspades,2026-04-16T02:12:12.810796+00:00,15,1276601,12
80**9224,ptb_magnumofspades,2026-04-16T02:12:12.810796+00:00,16,1265472,13
80**2980,ptb_magnumofspades,2026-04-16T02:12:12.810796+00:00,15,1179367,14
80**0723,ptb_magnumofspades,2026-04-16T02:12:12.810796+00:00,16,1039732,15
80**8736,ptb_magnumofspades,2026-04-16T02:12:12.810796+00:00,14,989372,16
80**9729,ptb_magnumofspades,2026-04-16T02:12:12.810796+00:00,16,949688,17
80**2416,ptb_magnumofspades,2026-04-16T02:12:12.810796+00:00,16,801276,18
80**9656,ptb_magnumofspades,2026-04-16T02:12:12.810796+00:00,14,653109,19
80**8473,ptb_magnumofspades,2026-04-16T02:12:12.810796+00:00,15,615995,20
79**5265,ptb_cerealforme,2026-04-16T02:12:12.810796+00:00,20,4575532,
79**5768,ptb_cerealforme,2026-04-16T02:12:12.810796+00:00,19,4173027,
79**5751,ptb_cerealforme,2026-04-16T02:12:12.810796+00:00,18,3318841,
80**1661,ptb_cerealforme,2026-04-16T02:12:12.810796+00:00,17,2419958,4
79**5547,ptb_cerealforme,2026-04-16T02:12:12.810796+00:00,17,1884520,5
79**5366,ptb_cerealforme,2026-04-16T02:12:12.810796+00:00,17,1748179,6
79**5774,ptb_cerealforme,2026-04-16T02:12:12.810796+00:00,16,1632687,7
80**1279,ptb_cerealforme,2026-04-16T02:12:12.810796+00:00,16,1611347,8
79**5757,ptb_cerealforme,2026-04-16T02:12:12.810796+00:00,16,1595555,9
80**4551,ptb_cerealforme,2026-04-16T02:12:12.810796+00:00,17,1499767,10
80**7943,ptb_cerealforme,2026-04-16T02:12:12.810796+00:00,16,1216924,11
80**7615,ptb_cerealforme,2026-04-16T02:12:12.810796+00:00,16,1103028,12
80**5956,ptb_cerealforme,2026-04-16T02:12:12.810796+00:00,15,742556,13
80**7703,ptb_cerealforme,2026-04-16T02:12:12.810796+00:00,14,684112,14
79**5756,ptb_cerealforme,2026-04-16T02:12:12.810796+00:00,14,639754,15
79**5770,ptb_cerealforme,2026-04-16T02:12:12.810796+00:00,13,629622,16
79**5769,ptb_cerealforme,2026-04-16T02:12:12.810796+00:00,12,560259,17
80**5667,ptb_cerealforme,2026-04-16T02:12:12.810796+00:00,12,460320,18
80**4870,ptb_cerealforme,2026-04-16T02:12:12.810796+00:00,12,388921,19
80**9273,ptb_cerealforme,2026-04-16T02:12:12.810796+00:00,10,303117,20
80**8303,ptb_lubu,2026-04-16T02:12:12.810796+00:00,19,3018020,
80**2961,ptb_lubu,2026-04-16T02:12:12.810796+00:00,17,2171387,
80**0055,ptb_lubu,2026-04-16T02:12:12.810796+00:00,18,2089734,
79**2718,ptb_lubu,2026-04-16T02:12:12.810796+00:00,18,1854792,4
80**5727,ptb_lubu,2026-04-16T02:12:12.810796+00:00,17,1656101,5
80**3276,ptb_lubu,2026-04-16T02:12:12.810796+00:00,17,1457069,6
80**6330,ptb_lubu,2026-04-16T02:12:12.810796+00:00,16,1425116,7
80**6024,ptb_lubu,2026-04-16T02:12:12.810796+00:00,17,1320842,8
80**9558,ptb_lubu,2026-04-16T02:12:12.810796+00:00,16,1209303,9
80**2898,ptb_lubu,2026-04-16T02:12:12.810796+00:00,16,1184452,10
80**3361,ptb_lubu,2026-04-16T02:12:12.810796+00:00,15,1149978,11
80**1844,ptb_lubu,2026-04-16T02:12:12.810796+00:00,16,1116547,12
80**8458,ptb_lubu,2026-04-16T02:12:12.810796+00:00,15,1038526,13
80**7387,ptb_lubu,2026-04-16T02:12:12.810796+00:00,14,922405,14
80**3311,ptb_lubu,2026-04-16T02:12:12.810796+00:00,15,878481,15
80**8331,ptb_lubu,2026-04-16T02:12:12.810796+00:00,16,858111,16
80**6807,ptb_lubu,2026-04-16T02:12:12.810796+00:00,11,591557,17
80**7737,ptb_lubu,2026-04-16T02:12:12.810796+00:00,14,577764,18
80**0496,ptb_lubu,2026-04-16T02:12:12.810796+00:00,12,529151,19
79**4757,ptb_lubu,2026-04-16T02:12:12.810796+00:00,14,469479,20
79**7597,ptb_magnumofspades,2026-04-16T05:27:08.904954+00:00,20,4865920,
80**0388,ptb_magnumofspades,2026-04-16T05:27:08.904954+00:00,19,3599767,
80**4764,ptb_magnumofspades,2026-04-16T05:27:08.904954+00:00,18,2519598,
80**2115,ptb_magnumofspades,2026-04-16T05:27:08.904954+00:00,18,2402544,4
80**7789,ptb_magnumofspades,2026-04-16T05:27:08.904954+00:00,17,2153994,5
80**0842,ptb_magnumofspades,2026-04-16T05:27:08.904954+00:00,17,1550483,6
80**8546,ptb_magnumofspades,2026-04-16T05:27:08.904954+00:00,16,1541299,7
80**0875,ptb_magnumofspades,2026-04-16T05:27:08.904954+00:00,16,1528192,8
80**7795,ptb_magnumofspades,2026-04-16T05:27:08.904954+00:00,16,1525795,9
80**7949,ptb_magnumofspades,2026-04-16T05:27:08.904954+00:00,16,1429827,10
80**3417,ptb_magnumofspades,2026-04-16T05:27:08.904954+00:00,17,1417208,11
80**8121,ptb_magnumofspades,2026-04-16T05:27:08.904954+00:00,15,1296795,12
80**9224,ptb_magnumofspades,2026-04-16T05:27:08.904954+00:00,16,1265472,13
80**2980,ptb_magnumofspades,2026-04-16T05:27:08.904954+00:00,15,1179367,14
80**0723,ptb_magnumofspades,2026-04-16T05:27:08.904954+00:00,16,1039732,15
80**8736,ptb_magnumofspades,2026-04-16T05:27:08.904954+00:00,14,1010780,16
80**9729,ptb_magnumofspades,2026-04-16T05:27:08.904954+00:00,16,959792,17
80**2416,ptb_magnumofspades,2026-04-16T05:27:08.904954+00:00,16,843878,18
80**9656,ptb_magnumofspades,2026-04-16T05:27:08.904954+00:00,14,653109,19
80**8473,ptb_magnumofspades,2026-04-16T05:27:08.904954+00:00,15,615995,20
79**5265,ptb_cerealforme,2026-04-16T05:27:08.904954+00:00,20,4575532,
79**5768,ptb_cerealforme,2026-04-16T05:27:08.904954+00:00,19,4219412,
79**5751,ptb_cerealforme,2026-04-16T05:27:08.904954+00:00,18,3485762,
80**1661,ptb_cerealforme,2026-04-16T05:27:08.904954+00:00,17,2443841,4
79**5547,ptb_cerealforme,2026-04-16T05:27:08.904954+00:00,17,1884520,5
79**5366,ptb_cerealforme,2026-04-16T05:27:08.904954+00:00,17,1751187,6
79**5774,ptb_cerealforme,2026-04-16T05:27:08.904954+00:00,16,1736891,7
80**1279,ptb_cerealforme,2026-04-16T05:27:08.904954+00:00,16,1616557,8
79**5757,ptb_cerealforme,2026-04-16T05:27:08.904954+00:00,16,1595555,9
80**4551,ptb_cerealforme,2026-04-16T05:27:08.904954+00:00,17,1499767,10
80**7943,ptb_cerealforme,2026-04-16T05:27:08.904954+00:00,16,1216924,11
80**7615,ptb_cerealforme,2026-04-16T05:27:08.904954+00:00,16,1107850,12
80**5956,ptb_cerealforme,2026-04-16T05:27:08.904954+00:00,15,742556,13
80**7703,ptb_cerealforme,2026-04-16T05:27:08.904954+00:00,14,684112,14
79**5756,ptb_cerealforme,2026-04-16T05:27:08.904954+00:00,14,639754,15
79**5770,ptb_cerealforme,2026-04-16T05:27:08.904954+00:00,13,629622,16
79**5769,ptb_cerealforme,2026-04-16T05:27:08.904954+00:00,12,560259,17
80**5667,ptb_cerealforme,2026-04-16T05:27:08.904954+00:00,12,460320,18
80**4870,ptb_cerealforme,2026-04-16T05:27:08.904954+00:00,12,388921,19
80**9273,ptb_cerealforme,2026-04-16T05:27:08.904954+00:00,10,303117,20
80**8303,ptb_lubu,2026-04-16T05:27:08.904954+00:00,19,3018020,
80**2961,ptb_lubu,2026-04-16T05:27:08.904954+00:00,17,2211041,
80**0055,ptb_lubu,2026-04-16T05:27:08.904954+00:00,18,2091770,
79**2718,ptb_lubu,2026-04-16T05:27:08.904954+00:00,18,1973427,4
80**5727,ptb_lubu,2026-04-16T05:27:08.904954+00:00,17,1656101,5
80**3276,ptb_lubu,2026-04-16T05:27:08.904954+00:00,17,1457069,6
80**6330,ptb_lubu,2026-04-16T05:27:08.904954+00:00,16,1435440,7
80**6024,ptb_lubu,2026-04-16T05:27:08.904954+00:00,17,1332138,8
80**9558,ptb_lubu,2026-04-16T05:27:08.904954+00:00,16,1231402,9
80**2898,ptb_lubu,2026-04-16T05:27:08.904954+00:00,16,1184452,10
80**3361,ptb_lubu,2026-04-16T05:27:08.904954+00:00,15,1149978,11
80**1844,ptb_lubu,2026-04-16T05:27:08.904954+00:00,16,1116547,12
80**8458,ptb_lubu,2026-04-16T05:27:08.904954+00:00,15,1038526,13
80**7387,ptb_lubu,2026-04-16T05:27:08.904954+00:00,14,948055,14
80**3311,ptb_lubu,2026-04-16T05:27:08.904954+00:00,15,892684,15
80**8331,ptb_lubu,2026-04-16T05:27:08.904954+00:00,16,865245,16
80**6807,ptb_lubu,2026-04-16T05:27:08.904954+00:00,11,591557,17
80**7737,ptb_lubu,2026-04-16T05:27:08.904954+00:00,14,577764,18
80**0496,ptb_lubu,2026-04-16T05:27:08.904954+00:00,12,529151,19
79**4757,ptb_lubu,2026-04-16T05:27:08.904954+00:00,14,484403,20
79**7597,ptb_magnumofspades,2026-04-16T07:26:25.063803+00:00,20,4865920,
80**0388,ptb_magnumofspades,2026-04-16T07:26:25.063803+00:00,19,3599767,
80**4764,ptb_magnumofspades,2026-04-16T07:26:25.063803+00:00,18,2519598,
80**2115,ptb_magnumofspades,2026-04-16T07:26:25.063803+00:00,18,2402544,4
80**7789,ptb_magnumofspades,2026-04-16T07:26:25.063803+00:00,18,2235735,5
80**0842,ptb_magnumofspades,2026-04-16T07:26:25.063803+00:00,17,1550483,6
80**8546,ptb_magnumofspades,2026-04-16T07:26:25.063803+00:00,16,1541299,7
80**0875,ptb_magnumofspades,2026-04-16T07:26:25.063803+00:00,16,1528192,8
80**7795,ptb_magnumofspades,2026-04-16T07:26:25.063803+00:00,16,1525795,9
80**7949,ptb_magnumofspades,2026-04-16T07:26:25.063803+00:00,16,1429827,10
80**3417,ptb_magnumofspades,2026-04-16T07:26:25.063803+00:00,17,1417208,11
80**8121,ptb_magnumofspades,2026-04-16T07:26:25.063803+00:00,15,1302053,12
80**9224,ptb_magnumofspades,2026-04-16T07:26:25.063803+00:00,16,1265472,13
80**2980,ptb_magnumofspades,2026-04-16T07:26:25.063803+00:00,15,1183912,14
80**0723,ptb_magnumofspades,2026-04-16T07:26:25.063803+00:00,16,1039732,15
80**8736,ptb_magnumofspades,2026-04-16T07:26:25.063803+00:00,14,1027459,16
80**9729,ptb_magnumofspades,2026-04-16T07:26:25.063803+00:00,16,959792,17
80**2416,ptb_magnumofspades,2026-04-16T07:26:25.063803+00:00,16,896312,18
80**9656,ptb_magnumofspades,2026-04-16T07:26:25.063803+00:00,14,653109,19
80**4977,ptb_magnumofspades,2026-04-16T07:26:25.063803+00:00,16,645698,20
79**5265,ptb_cerealforme,2026-04-16T07:26:25.063803+00:00,20,4575532,
79**5768,ptb_cerealforme,2026-04-16T07:26:25.063803+00:00,19,4219412,
79**5751,ptb_cerealforme,2026-04-16T07:26:25.063803+00:00,18,3485762,
80**1661,ptb_cerealforme,2026-04-16T07:26:25.063803+00:00,17,2443841,4
79**5547,ptb_cerealforme,2026-04-16T07:26:25.063803+00:00,17,1884520,5
79**5366,ptb_cerealforme,2026-04-16T07:26:25.063803+00:00,17,1751187,6
79**5774,ptb_cerealforme,2026-04-16T07:26:25.063803+00:00,16,1736891,7
80**1279,ptb_cerealforme,2026-04-16T07:26:25.063803+00:00,16,1616557,8
79**5757,ptb_cerealforme,2026-04-16T07:26:25.063803+00:00,16,1595555,9
80**4551,ptb_cerealforme,2026-04-16T07:26:25.063803+00:00,17,1499767,10
80**7943,ptb_cerealforme,2026-04-16T07:26:25.063803+00:00,16,1216924,11
80**7615,ptb_cerealforme,2026-04-16T07:26:25.063803+00:00,16,1107850,12
80**5956,ptb_cerealforme,2026-04-16T07:26:25.063803+00:00,15,742556,13
80**7703,ptb_cerealforme,2026-04-16T07:26:25.063803+00:00,14,684112,14
79**5756,ptb_cerealforme,2026-04-16T07:26:25.063803+00:00,14,639754,15
79**5770,ptb_cerealforme,2026-04-16T07:26:25.063803+00:00,13,629622,16
79**5769,ptb_cerealforme,2026-04-16T07:26:25.063803+00:00,12,560259,17
80**5667,ptb_cerealforme,2026-04-16T07:26:25.063803+00:00,12,460320,18
80**4870,ptb_cerealforme,2026-04-16T07:26:25.063803+00:00,12,388921,19
80**9273,ptb_cerealforme,2026-04-16T07:26:25.063803+00:00,10,303117,20
80**8303,ptb_lubu,2026-04-16T07:26:25.063803+00:00,19,3022757,
80**2961,ptb_lubu,2026-04-16T07:26:25.063803+00:00,17,2224319,
80**0055,ptb_lubu,2026-04-16T07:26:25.063803+00:00,18,2091770,
79**2718,ptb_lubu,2026-04-16T07:26:25.063803+00:00,18,1973427,4
80**5727,ptb_lubu,2026-04-16T07:26:25.063803+00:00,17,1656101,5
80**3276,ptb_lubu,2026-04-16T07:26:25.063803+00:00,17,1457069,6
80**6330,ptb_lubu,2026-04-16T07:26:25.063803+00:00,16,1435440,7
80**6024,ptb_lubu,2026-04-16T07:26:25.063803+00:00,17,1332138,8
80**9558,ptb_lubu,2026-04-16T07:26:25.063803+00:00,16,1235172,9
80**2898,ptb_lubu,2026-04-16T07:26:25.063803+00:00,16,1184452,10
80**3361,ptb_lubu,2026-04-16T07:26:25.063803+00:00,15,1149978,11
80**1844,ptb_lubu,2026-04-16T07:26:25.063803+00:00,16,1116547,12
80**8458,ptb_lubu,2026-04-16T07:26:25.063803+00:00,15,1038526,13
80**7387,ptb_lubu,2026-04-16T07:26:25.063803+00:00,14,948055,14
80**3311,ptb_lubu,2026-04-16T07:26:25.063803+00:00,15,922471,15
80**8331,ptb_lubu,2026-04-16T07:26:25.063803+00:00,16,865245,16
80**6807,ptb_lubu,2026-04-16T07:26:25.063803+00:00,11,591557,17
80**7737,ptb_lubu,2026-04-16T07:26:25.063803+00:00,14,577764,18
80**0496,ptb_lubu,2026-04-16T07:26:25.063803+00:00,12,529151,19
79**4757,ptb_lubu,2026-04-16T07:26:25.063803+00:00,14,484403,20
79**7597,ptb_magnumofspades,2026-04-16T09:14:52.139039+00:00,20,4865920,
80**0388,ptb_magnumofspades,2026-04-16T09:14:52.139039+00:00,19,3599767,
80**4764,ptb_magnumofspades,2026-04-16T09:14:52.139039+00:00,18,2519598,
80**2115,ptb_magnumofspades,2026-04-16T09:14:52.139039+00:00,18,2402544,4
80**7789,ptb_magnumofspades,2026-04-16T09:14:52.139039+00:00,18,2239995,5
80**7795,ptb_magnumofspades,2026-04-16T09:14:52.139039+00:00,16,1560599,6
80**0842,ptb_magnumofspades,2026-04-16T09:14:52.139039+00:00,17,1550483,7
80**8546,ptb_magnumofspades,2026-04-16T09:14:52.139039+00:00,16,1541299,8
80**0875,ptb_magnumofspades,2026-04-16T09:14:52.139039+00:00,16,1528192,9
80**7949,ptb_magnumofspades,2026-04-16T09:14:52.139039+00:00,17,1487994,10
80**3417,ptb_magnumofspades,2026-04-16T09:14:52.139039+00:00,17,1417208,11
80**8121,ptb_magnumofspades,2026-04-16T09:14:52.139039+00:00,15,1302157,12
80**9224,ptb_magnumofspades,2026-04-16T09:14:52.139039+00:00,16,1265472,13
80**2980,ptb_magnumofspades,2026-04-16T09:14:52.139039+00:00,15,1183912,14
80**0723,ptb_magnumofspades,2026-04-16T09:14:52.139039+00:00,16,1039732,15
80**8736,ptb_magnumofspades,2026-04-16T09:14:52.139039+00:00,14,1027459,16
80**9729,ptb_magnumofspades,2026-04-16T09:14:52.139039+00:00,16,959792,17
80**2416,ptb_magnumofspades,2026-04-16T09:14:52.139039+00:00,16,897645,18
80**9656,ptb_magnumofspades,2026-04-16T09:14:52.139039+00:00,14,653109,19
80**4977,ptb_magnumofspades,2026-04-16T09:14:52.139039+00:00,16,645698,20
79**5265,ptb_cerealforme,2026-04-16T09:14:52.139039+00:00,20,4575532,
79**5768,ptb_cerealforme,2026-04-16T09:14:52.139039+00:00,19,4219412,
79**5751,ptb_cerealforme,2026-04-16T09:14:52.139039+00:00,18,3485762,
80**1661,ptb_cerealforme,2026-04-16T09:14:52.139039+00:00,17,2443841,4
79**5547,ptb_cerealforme,2026-04-16T09:14:52.139039+00:00,17,1884520,5
79**5366,ptb_cerealforme,2026-04-16T09:14:52.139039+00:00,17,1751187,6
79**5774,ptb_cerealforme,2026-04-16T09:14:52.139039+00:00,16,1736891,7
80**1279,ptb_cerealforme,2026-04-16T09:14:52.139039+00:00,16,1616557,8
79**5757,ptb_cerealforme,2026-04-16T09:14:52.139039+00:00,16,1595555,9
80**4551,ptb_cerealforme,2026-04-16T09:14:52.139039+00:00,17,1499767,10
80**7943,ptb_cerealforme,2026-04-16T09:14:52.139039+00:00,16,1216924,11
80**7615,ptb_cerealforme,2026-04-16T09:14:52.139039+00:00,16,1107850,12
80**5956,ptb_cerealforme,2026-04-16T09:14:52.139039+00:00,15,742556,13
80**7703,ptb_cerealforme,2026-04-16T09:14:52.139039+00:00,14,684112,14
79**5756,ptb_cerealforme,2026-04-16T09:14:52.139039+00:00,14,639754,15
79**5770,ptb_cerealforme,2026-04-16T09:14:52.139039+00:00,13,629622,16
79**5769,ptb_cerealforme,2026-04-16T09:14:52.139039+00:00,12,560259,17
80**5667,ptb_cerealforme,2026-04-16T09:14:52.139039+00:00,12,460320,18
80**4870,ptb_cerealforme,2026-04-16T09:14:52.139039+00:00,12,388921,19
80**9273,ptb_cerealforme,2026-04-16T09:14:52.139039+00:00,10,303117,20
80**8303,ptb_lubu,2026-04-16T09:14:52.139039+00:00,19,3046416,
80**2961,ptb_lubu,2026-04-16T09:14:52.139039+00:00,17,2224319,
80**0055,ptb_lubu,2026-04-16T09:14:52.139039+00:00,18,2091770,
79**2718,ptb_lubu,2026-04-16T09:14:52.139039+00:00,18,1973427,4
80**5727,ptb_lubu,2026-04-16T09:14:52.139039+00:00,17,1656101,5
80**3276,ptb_lubu,2026-04-16T09:14:52.139039+00:00,17,1457069,6
80**6330,ptb_lubu,2026-04-16T09:14:52.139039+00:00,16,1435440,7
80**6024,ptb_lubu,2026-04-16T09:14:52.139039+00:00,17,1332138,8
80**9558,ptb_lubu,2026-04-16T09:14:52.139039+00:00,16,1235172,9
80**2898,ptb_lubu,2026-04-16T09:14:52.139039+00:00,16,1184452,10
80**3361,ptb_lubu,2026-04-16T09:14:52.139039+00:00,15,1149978,11
80**1844,ptb_lubu,2026-04-16T09:14:52.139039+00:00,16,1116547,12
80**8458,ptb_lubu,2026-04-16T09:14:52.139039+00:00,15,1038526,13
80**7387,ptb_lubu,2026-04-16T09:14:52.139039+00:00,14,948055,14
80**3311,ptb_lubu,2026-04-16T09:14:52.139039+00:00,15,922471,15
80**8331,ptb_lubu,2026-04-16T09:14:52.139039+00:00,16,865245,16
80**6807,ptb_lubu,2026-04-16T09:14:52.139039+00:00,11,591557,17
80**7737,ptb_lubu,2026-04-16T09:14:52.139039+00:00,14,577764,18
80**0496,ptb_lubu,2026-04-16T09:14:52.139039+00:00,12,529151,19
79**4757,ptb_lubu,2026-04-16T09:14:52.139039+00:00,14,484403,20
